{
  "feature_names": [
    "activity",
    "irreversible_burden",
    "n_active_triggers",
    "life_event_active",
    "long_tail_active",
    "dose_any_skipped",
    "bm_das28",
    "bm_crp_mg_L",
    "bm_esr_mm_hr",
    "bm_pain_vas",
    "bm_morning_stiffness_min",
    "on_methotrexate",
    "on_tnf_inhibitor",
    "on_nsaid",
    "on_prednisone",
    "age",
    "sex_F",
    "bm_peak_flow_lpm",
    "bm_fev1_pct_pred",
    "bm_feno_ppb",
    "bm_symptom_score",
    "bm_saba_uses_per_day",
    "on_ics",
    "on_laba",
    "on_saba_rescue",
    "bm_mrss",
    "bm_fvc_pct_pred",
    "bm_dlco_pct_pred",
    "bm_raynaud_attacks_per_day",
    "bm_digital_ulcer_count",
    "on_mycophenolate",
    "on_nintedanib",
    "on_ccb_vasodilator",
    "is_rheumatoid_arthritis",
    "is_asthma",
    "is_systemic_sclerosis"
  ],
  "mean": [
    2.042415142059326,
    0.08869603276252747,
    0.26068201661109924,
    0.15254411101341248,
    0.002034925390034914,
    0.25097891688346863,
    1.32561457157135,
    5.027365207672119,
    9.144390106201172,
    1.197218418121338,
    21.874792098999023,
    0.21666666865348816,
    0.11666666716337204,
    0.18541666865348816,
    0.05833333358168602,
    50.25,
    0.6916666626930237,
    156.83763122558594,
    30.053701400756836,
    8.788492202758789,
    0.1775786131620407,
    0.20814384520053864,
    0.24791666865348816,
    0.1458333283662796,
    0.3229166567325592,
    1.929364800453186,
    33.23341751098633,
    29.9064884185791,
    0.8723418712615967,
    0.19516487419605255,
    0.18958333134651184,
    0.06875000149011612,
    0.22083333134651184,
    0.3166666626930237,
    0.3395833373069763,
    0.34375
  ],
  "std": [
    1.5096466541290283,
    0.2887478470802307,
    0.5141807794570923,
    0.35981765389442444,
    0.04502608999609947,
    0.4335297644138336,
    2.052992582321167,
    8.323771476745605,
    14.630721092224121,
    1.9224989414215088,
    35.10828399658203,
    0.4119824171066284,
    0.3188748061656952,
    0.3859750032424927,
    0.23513980209827423,
    16.176116943359375,
    0.4607231020927429,
    220.55880737304688,
    42.18010711669922,
    14.679549217224121,
    0.43633943796157837,
    0.7214747667312622,
    0.4321327209472656,
    0.35377588868141174,
    0.46682482957839966,
    2.9932143688201904,
    46.012603759765625,
    41.39803695678711,
    1.4154534339904785,
    0.29998978972435,
    0.3919844329357147,
    0.2528028190135956,
    0.4147152304649353,
    0.46647152304649353,
    0.4745999276638031,
    0.4741857647895813
  ],
  "window_size": 7,
  "horizon_days": 1,
  "flare_horizon_days": 7,
  "diseases": [
    "rheumatoid_arthritis",
    "asthma",
    "systemic_sclerosis"
  ]
}